iteration,transitions,policy_loss,value_loss,entropy,win_rate
1,10637,-0.010286,0.014075,1.200085,
2,11103,-0.013897,0.011050,1.171702,
3,10472,-0.014887,0.008206,1.175038,
4,10379,-0.015665,0.009172,1.163479,
5,9834,-0.017709,0.008916,1.173922,
6,10032,-0.015337,0.010097,1.116394,
7,9540,-0.014954,0.007458,1.096256,
8,10133,-0.016493,0.010065,1.085577,
9,9294,-0.015170,0.007535,1.053962,
10,9386,-0.016319,0.008458,1.068112,
